{"cameraMode":{"drawMode":0,"name":"Shaded","section":"Shading Mode"},"sceneLighting":false,"audioPlay":false,"sceneViewState":{"m_AlwaysRefresh":false,"showFog":true,"showSkybox":false,"showFlares":true,"showImageEffects":true,"showParticleSystems":true,"showVisualEffectGraphs":true,"m_FxEnabled":false},"in2DMode":false,"pivot":{"x":-0.040089428424835208,"y":0.1625777631998062,"z":0.1101154088973999},"rotation":{"x":0.014995643869042397,"y":0.021006964147090913,"z":0.00034588793641887605,"w":-0.9997004270553589},"size":0.8593940138816834,"orthographic":false}