{"cameraMode":{"drawMode":0,"name":"Shaded","section":"Shading Mode"},"sceneLighting":false,"audioPlay":false,"sceneViewState":{"m_AlwaysRefresh":false,"showFog":true,"showSkybox":false,"showFlares":true,"showImageEffects":true,"showParticleSystems":true,"showVisualEffectGraphs":true,"m_FxEnabled":false},"in2DMode":false,"pivot":{"x":1.0358682870864869,"y":-0.44526514410972597,"z":2.831913709640503},"rotation":{"x":0.0005844263941980898,"y":-0.9978504776954651,"z":0.008981003426015377,"w":0.0649258941411972},"size":0.47960492968559267,"orthographic":false}