{"cameraMode":{"drawMode":0,"name":"Shaded","section":"Shading Mode"},"sceneLighting":false,"audioPlay":false,"sceneViewState":{"m_AlwaysRefresh":false,"showFog":true,"showSkybox":false,"showFlares":true,"showImageEffects":true,"showParticleSystems":true,"showVisualEffectGraphs":true,"m_FxEnabled":false},"in2DMode":false,"pivot":{"x":0.2793804705142975,"y":1.1533106565475464,"z":4.421439170837402},"rotation":{"x":-0.0010840934701263905,"y":-0.9918476939201355,"z":0.12715046107769013,"w":-0.008456535637378693},"size":0.000017320508050033823,"orthographic":false}