{"cameraMode":{"drawMode":0,"name":"Shaded","section":"Shading Mode"},"sceneLighting":false,"audioPlay":false,"sceneViewState":{"m_AlwaysRefresh":false,"showFog":true,"showSkybox":false,"showFlares":true,"showImageEffects":true,"showParticleSystems":true,"showVisualEffectGraphs":true,"m_FxEnabled":false},"in2DMode":false,"pivot":{"x":1.5365444421768189,"y":-0.8301382660865784,"z":-2.4991235733032228},"rotation":{"x":-0.041192758828401569,"y":-0.9277141690254211,"z":0.10763023048639298,"w":-0.3550592064857483},"size":2.166934013366699,"orthographic":false}