{"cameraMode":{"drawMode":0,"name":"Shaded","section":"Shading Mode"},"sceneLighting":false,"audioPlay":false,"sceneViewState":{"m_AlwaysRefresh":false,"showFog":true,"showSkybox":false,"showFlares":true,"showImageEffects":true,"showParticleSystems":true,"showVisualEffectGraphs":true,"m_FxEnabled":false},"in2DMode":false,"pivot":{"x":-0.1676752269268036,"y":0.6284867525100708,"z":2.313202381134033},"rotation":{"x":0.008160009980201722,"y":-0.989695131778717,"z":0.12838374078273774,"w":0.06290458142757416},"size":0.000017320508050033823,"orthographic":false}