{"cameraMode":{"drawMode":0,"name":"Shaded","section":"Shading Mode"},"sceneLighting":false,"audioPlay":false,"sceneViewState":{"m_AlwaysRefresh":false,"showFog":true,"showSkybox":false,"showFlares":true,"showImageEffects":true,"showParticleSystems":true,"showVisualEffectGraphs":true,"m_FxEnabled":false},"in2DMode":false,"pivot":{"x":0.8831082582473755,"y":0.8456559777259827,"z":-1.2780319452285767},"rotation":{"x":-0.0088144950568676,"y":-0.9361231923103333,"z":0.023903924971818925,"w":-0.35076695680618288},"size":1.250514268875122,"orthographic":false}