{"cameraMode":{"drawMode":0,"name":"Shaded","section":"Shading Mode"},"sceneLighting":false,"audioPlay":false,"sceneViewState":{"m_AlwaysRefresh":false,"showFog":true,"showSkybox":false,"showFlares":true,"showImageEffects":true,"showParticleSystems":true,"showVisualEffectGraphs":true,"m_FxEnabled":false},"in2DMode":false,"pivot":{"x":-22.052764892578126,"y":1.0747393369674683,"z":4.631798267364502},"rotation":{"x":0.016528787091374399,"y":-0.7286388874053955,"z":0.01739710010588169,"w":0.6845225691795349},"size":1.1160756349563599,"orthographic":false}