{"cameraMode":{"drawMode":0,"name":"Shaded","section":"Shading Mode"},"sceneLighting":false,"audioPlay":false,"sceneViewState":{"m_AlwaysRefresh":false,"showFog":true,"showSkybox":false,"showFlares":true,"showImageEffects":true,"showParticleSystems":true,"showVisualEffectGraphs":true,"m_FxEnabled":true},"in2DMode":false,"pivot":{"x":-17.1180477142334,"y":1.416785478591919,"z":-0.3541446626186371},"rotation":{"x":-0.05080292746424675,"y":0.011780568398535252,"z":0.00032364012440666556,"w":-0.9989769458770752},"size":0.17880704998970033,"orthographic":false}